<?xml version="1.0" encoding="UTF-8" standalone="no"?>
<raConfiguration version="9">
  <generalSettings>
    <option key="#Board#" value="board.ra6t2mck"/>
    <option key="CPU" value="RA6T2"/>
    <option key="Core" value="CM33"/>
    <option key="#TargetName#" value="R7FA6T2BD3CFP"/>
    <option key="#TargetARCHITECTURE#" value="cortex-m33"/>
    <option key="#DeviceCommand#" value="R7FA6T2BD"/>
    <option key="#RTOS#" value="_none"/>
    <option key="#pinconfiguration#" value="R7FA6T2BD3CFP.pincfg"/>
    <option key="#FSPVersion#" value="5.6.0"/>
    <option key="#ConfigurationFragments#" value="Renesas##BSP##Board##ra6t2_mck##"/>
    <option key="#SELECTED_TOOLCHAIN#" value="gcc-arm-embedded"/>
    <option key="#ToolchainVersion#" value="13.2.1.arm-13-7"/>
  </generalSettings>
  <raBspConfiguration>
    <config id="config.bsp.ra6t2.R7FA6T2BD3CFP">
      <property id="config.bsp.part_number" value="config.bsp.part_number.value"/>
      <property id="config.bsp.rom_size_bytes" value="config.bsp.rom_size_bytes.value"/>
      <property id="config.bsp.rom_size_bytes_hidden" value="524288"/>
      <property id="config.bsp.ram_size_bytes" value="config.bsp.ram_size_bytes.value"/>
      <property id="config.bsp.data_flash_size_bytes" value="config.bsp.data_flash_size_bytes.value"/>
      <property id="config.bsp.package_style" value="config.bsp.package_style.value"/>
      <property id="config.bsp.package_pins" value="config.bsp.package_pins.value"/>
      <property id="config.bsp.irq_count_hidden" value="96"/>
    </config>
    <config id="config.bsp.ra6t2">
      <property id="config.bsp.series" value="config.bsp.series.value"/>
    </config>
    <config id="config.bsp.ra6t2.fsp">
      <property id="config.bsp.fsp.inline_irq_functions" value="config.bsp.common.inline_irq_functions.enabled"/>
      <property id="config.bsp.fsp.tz.exception_response" value="config.bsp.fsp.tz.exception_response.nmi"/>
      <property id="config.bsp.fsp.tz.cmsis.bfhfnmins" value="config.bsp.fsp.tz.cmsis.bfhfnmins.secure"/>
      <property id="config.bsp.fsp.tz.cmsis.sysresetreqs" value="config.bsp.fsp.tz.cmsis.sysresetreqs.secure_only"/>
      <property id="config.bsp.fsp.tz.cmsis.s_priority_boost" value="config.bsp.fsp.tz.cmsis.s_priority_boost.disabled"/>
      <property id="config.bsp.fsp.tz.csar" value="config.bsp.fsp.tz.csar.both"/>
      <property id="config.bsp.fsp.tz.rstsar" value="config.bsp.fsp.tz.rstsar.both"/>
      <property id="config.bsp.fsp.tz.sramsar.sramprcr" value="config.bsp.fsp.tz.sramsar.sramprcr.both"/>
      <property id="config.bsp.fsp.tz.sramsar.sramecc" value="config.bsp.fsp.tz.sramsar.sramecc.both"/>
      <property id="config.bsp.fsp.tz.stbramsar" value="config.bsp.fsp.tz.stbramsar.both"/>
      <property id="config.bsp.fsp.tz.bussara" value="config.bsp.fsp.tz.bussara.both"/>
      <property id="config.bsp.fsp.tz.bussarb" value="config.bsp.fsp.tz.bussarb.both"/>
      <property id="config.bsp.fsp.tz.uninitialized_ns_application_fallback" value="config.bsp.fsp.tz.uninitialized_ns_application_fallback.enabled"/>
      <property id="config.bsp.fsp.cache_line_size" value="config.bsp.fsp.cache_line_size.32"/>
      <property id="config.bsp.fsp.OFS0.iwdt_start_mode" value="config.bsp.fsp.OFS0.iwdt_start_mode.disabled"/>
      <property id="config.bsp.fsp.OFS0.iwdt_timeout" value="config.bsp.fsp.OFS0.iwdt_timeout.2048"/>
      <property id="config.bsp.fsp.OFS0.iwdt_divisor" value="config.bsp.fsp.OFS0.iwdt_divisor.128"/>
      <property id="config.bsp.fsp.OFS0.iwdt_window_end" value="config.bsp.fsp.OFS0.iwdt_window_end.0"/>
      <property id="config.bsp.fsp.OFS0.iwdt_window_start" value="config.bsp.fsp.OFS0.iwdt_window_start.100"/>
      <property id="config.bsp.fsp.OFS0.iwdt_reset_interrupt" value="config.bsp.fsp.OFS0.iwdt_reset_interrupt.Reset"/>
      <property id="config.bsp.fsp.OFS0.iwdt_stop_control" value="config.bsp.fsp.OFS0.iwdt_stop_control.stops"/>
      <property id="config.bsp.fsp.OFS0.wdt_start_mode" value="config.bsp.fsp.OFS0.wdt_start_mode.register"/>
      <property id="config.bsp.fsp.OFS0.wdt_timeout" value="config.bsp.fsp.OFS0.wdt_timeout.16384"/>
      <property id="config.bsp.fsp.OFS0.wdt_divisor" value="config.bsp.fsp.OFS0.wdt_divisor.128"/>
      <property id="config.bsp.fsp.OFS0.wdt_window_end" value="config.bsp.fsp.OFS0.wdt_window_end.0"/>
      <property id="config.bsp.fsp.OFS0.wdt_window_start" value="config.bsp.fsp.OFS0.wdt_window_start.100"/>
      <property id="config.bsp.fsp.OFS0.wdt_reset_interrupt" value="config.bsp.fsp.OFS0.wdt_reset_interrupt.Reset"/>
      <property id="config.bsp.fsp.OFS0.wdt_stop_control" value="config.bsp.fsp.OFS0.wdt_stop_control.stops"/>
      <property id="config.bsp.fsp.OFS1_SEL.voltage_detection0_level" value="config.bsp.fsp.OFS1_SEL.voltage_detection0_level.secure"/>
      <property id="config.bsp.fsp.OFS1_SEL.voltage_detection0.start" value="config.bsp.fsp.OFS1_SEL.voltage_detection0.start.secure"/>
      <property id="config.bsp.fsp.OFS1_SEL.PGA0_pseudo_differential_input" value="config.bsp.fsp.OFS1_SEL.PGA0_pseudo_differential_input.secure"/>
      <property id="config.bsp.fsp.OFS1_SEL.PGA1_pseudo_differential_input" value="config.bsp.fsp.OFS1_SEL.PGA1_pseudo_differential_input.secure"/>
      <property id="config.bsp.fsp.OFS1_SEL.PGA2_pseudo_differential_input" value="config.bsp.fsp.OFS1_SEL.PGA2_pseudo_differential_input.secure"/>
      <property id="config.bsp.fsp.OFS1_SEL.PGA3_pseudo_differential_input" value="config.bsp.fsp.OFS1_SEL.PGA3_pseudo_differential_input.secure"/>
      <property id="config.bsp.fsp.OFS1.voltage_detection0.start" value="config.bsp.fsp.OFS1.voltage_detection0.start.disabled"/>
      <property id="config.bsp.fsp.OFS1.voltage_detection0_level" value="config.bsp.fsp.OFS1.voltage_detection0_level.280"/>
      <property id="config.bsp.fsp.OFS1.hoco_osc" value="config.bsp.fsp.OFS1.hoco_osc.disabled"/>
      <property id="config.bsp.fsp.OFS1.PGA0_pseudo_differential_input" value="config.bsp.fsp.OFS1.PGA0_pseudo_differential_input.disabled"/>
      <property id="config.bsp.fsp.OFS1.PGA1_pseudo_differential_input" value="config.bsp.fsp.OFS1.PGA1_pseudo_differential_input.disabled"/>
      <property id="config.bsp.fsp.OFS1.PGA2_pseudo_differential_input" value="config.bsp.fsp.OFS1.PGA2_pseudo_differential_input.disabled"/>
      <property id="config.bsp.fsp.OFS1.PGA3_pseudo_differential_input" value="config.bsp.fsp.OFS1.PGA3_pseudo_differential_input.disabled"/>
      <property id="config.bsp.fsp.BPS.BPS0" value=""/>
      <property id="config.bsp.fsp.PBPS.PBPS0" value=""/>
      <property id="config.bsp.fsp.tfu_mathlib" value="config.bsp.fsp.tfu_mathlib.enabled"/>
      <property id="config.bsp.common.main_osc_wait" value="config.bsp.common.main_osc_wait.wait_8163"/>
      <property id="config.bsp.fsp.mcu.adc.max_freq_hz" value="50000000"/>
      <property id="config.bsp.fsp.mcu.sci_b_uart.max_baud" value="20000000"/>
      <property id="config.bsp.fsp.mcu.sci_b_uart.ctspen_channels" value="0x021F"/>
      <property id="config.bsp.fsp.mcu.adc.sample_and_hold" value="0"/>
      <property id="config.bsp.fsp.mcu.adc.sensors_are_exclusive" value="0"/>
      <property id="config.bsp.fsp.mcu.sci_spi.max_bitrate" value="25000000"/>
      <property id="config.bsp.fsp.mcu.spi.max_bitrate" value="50000000"/>
      <property id="config.bsp.fsp.mcu.iic_master.rate.rate_fastplus" value="1"/>
      <property id="config.bsp.fsp.mcu.gpt.pin_count_source_channels" value="0x000F"/>
      <property id="config.bsp.fsp.mcu.canfd.num_channels" value="1"/>
      <property id="config.bsp.fsp.mcu.canfd.rx_fifos" value="2"/>
      <property id="config.bsp.fsp.mcu.canfd.buffer_ram" value="1216"/>
      <property id="config.bsp.fsp.mcu.canfd.afl_rules" value="32"/>
      <property id="config.bsp.fsp.mcu.canfd.afl_rules_each_chnl" value="32"/>
      <property id="config.bsp.fsp.mcu.canfd.max_data_rate_hz" value="5"/>
      <property id="config.bsp.fsp.mcu.sci_b_lin.max_baud" value="10000000"/>
    </config>
    <config id="config.bsp.ra">
      <property id="config.bsp.common.main" value="0x400"/>
      <property id="config.bsp.common.heap" value="0x400"/>
      <property id="config.bsp.common.vcc" value="3300"/>
      <property id="config.bsp.common.checking" value="config.bsp.common.checking.enabled"/>
      <property id="config.bsp.common.assert" value="config.bsp.common.assert.none"/>
      <property id="config.bsp.common.error_log" value="config.bsp.common.error_log.none"/>
      <property id="config.bsp.common.soft_reset" value="config.bsp.common.soft_reset.disabled"/>
      <property id="config.bsp.common.main_osc_populated" value="config.bsp.common.main_osc_populated.enabled"/>
      <property id="config.bsp.common.pfs_protect" value="config.bsp.common.pfs_protect.enabled"/>
      <property id="config.bsp.common.c_runtime_init" value="config.bsp.common.c_runtime_init.enabled"/>
      <property id="config.bsp.common.early_init" value="config.bsp.common.early_init.disabled"/>
      <property id="config.bsp.common.main_osc_clock_source" value="config.bsp.common.main_osc_clock_source.crystal"/>
      <property id="config.bsp.common.subclock_populated" value="config.bsp.common.subclock_populated.disabled"/>
      <property id="config.bsp.common.subclock_drive" value="config.bsp.common.subclock_drive.standard"/>
      <property id="config.bsp.common.subclock_stabilization_ms" value="1000"/>
    </config>
  </raBspConfiguration>
  <raClockConfiguration>
    <node id="board.clock.xtal.freq" mul="10000000" option="_edit"/>
    <node id="board.clock.hoco.freq" option="board.clock.hoco.freq.20m"/>
    <node id="board.clock.loco.freq" option="board.clock.loco.freq.32768"/>
    <node id="board.clock.moco.freq" option="board.clock.moco.freq.8m"/>
    <node id="board.clock.pll.source" option="board.clock.pll.source.xtal"/>
    <node id="board.clock.pll.div" option="board.clock.pll.div.1"/>
    <node id="board.clock.pll.mul" option="board.clock.pll.mul.240"/>
    <node id="board.clock.pll.display" option="board.clock.pll.display.value"/>
    <node id="board.clock.pll2.source" option="board.clock.pll2.source.xtal"/>
    <node id="board.clock.pll2.div" option="board.clock.pll2.div.1"/>
    <node id="board.clock.pll2.mul" option="board.clock.pll2.mul.240"/>
    <node id="board.clock.pll2.display" option="board.clock.pll2.display.value"/>
    <node id="board.clock.clock.source" option="board.clock.clock.source.pll"/>
    <node id="board.clock.clkout.source" option="board.clock.clkout.source.disabled"/>
    <node id="board.clock.scispiclk.source" option="board.clock.scispiclk.source.pll2"/>
    <node id="board.clock.canfdclk.source" option="board.clock.canfdclk.source.disabled"/>
    <node id="board.clock.gptclk.source" option="board.clock.gptclk.source.disabled"/>
    <node id="board.clock.iicclk.source" option="board.clock.iicclk.source.disabled"/>
    <node id="board.clock.gtclk.source" option="board.clock.gtclk.source.pclkd"/>
    <node id="board.clock.iclk.div" option="board.clock.iclk.div.1"/>
    <node id="board.clock.pclka.div" option="board.clock.pclka.div.2"/>
    <node id="board.clock.pclkb.div" option="board.clock.pclkb.div.4"/>
    <node id="board.clock.pclkc.div" option="board.clock.pclkc.div.4"/>
    <node id="board.clock.pclkd.div" option="board.clock.pclkd.div.2"/>
    <node id="board.clock.fclk.div" option="board.clock.fclk.div.4"/>
    <node id="board.clock.clkout.div" option="board.clock.clkout.div.1"/>
    <node id="board.clock.scispiclk.div" option="board.clock.scispiclk.div.2"/>
    <node id="board.clock.canfdclk.div" option="board.clock.canfdclk.div.6"/>
    <node id="board.clock.gptclk.div" option="board.clock.gptclk.div.2"/>
    <node id="board.clock.iicclk.div" option="board.clock.iicclk.div.1"/>
    <node id="board.clock.iclk.display" option="board.clock.iclk.display.value"/>
    <node id="board.clock.pclka.display" option="board.clock.pclka.display.value"/>
    <node id="board.clock.pclkb.display" option="board.clock.pclkb.display.value"/>
    <node id="board.clock.pclkc.display" option="board.clock.pclkc.display.value"/>
    <node id="board.clock.pclkd.display" option="board.clock.pclkd.display.value"/>
    <node id="board.clock.fclk.display" option="board.clock.fclk.display.value"/>
    <node id="board.clock.clkout.display" option="board.clock.clkout.display.value"/>
    <node id="board.clock.scispiclk.display" option="board.clock.scispiclk.display.value"/>
    <node id="board.clock.canfdclk.display" option="board.clock.canfdclk.display.value"/>
    <node id="board.clock.gptclk.display" option="board.clock.gptclk.display.value"/>
    <node id="board.clock.iicclk.display" option="board.clock.iicclk.display.value"/>
    <node id="board.clock.gtclk.display" option="board.clock.gtclk.display.value"/>
  </raClockConfiguration>
  <raComponentSelection>
    <component apiversion="" class="BSP" condition="" group="Board" subgroup="ra6t2_mck" variant="" vendor="Renesas" version="5.6.0">
      <description>RA6T2-MCK Board Support Files</description>
      <originalPack>Renesas.RA_board_ra6t2_mck.5.6.0.pack</originalPack>
    </component>
    <component apiversion="" class="Common" condition="" group="all" subgroup="fsp_common" variant="" vendor="Renesas" version="5.6.0">
      <description>Board Support Package Common Files</description>
      <originalPack>Renesas.RA.5.6.0.pack</originalPack>
    </component>
    <component apiversion="" class="HAL Drivers" condition="" group="all" subgroup="r_ioport" variant="" vendor="Renesas" version="5.6.0">
      <description>I/O Port</description>
      <originalPack>Renesas.RA.5.6.0.pack</originalPack>
    </component>
    <component apiversion="" class="HAL Drivers" condition="" group="all" subgroup="r_sci_b_uart" variant="" vendor="Renesas" version="5.6.0">
      <description>SCI UART</description>
      <originalPack>Renesas.RA.5.6.0.pack</originalPack>
    </component>
    <component apiversion="" class="BSP" condition="" group="ra6t2" subgroup="device" variant="R7FA6T2BD3CFP" vendor="Renesas" version="5.6.0">
      <description>Board support package for R7FA6T2BD3CFP</description>
      <originalPack>Renesas.RA_mcu_ra6t2.5.6.0.pack</originalPack>
    </component>
    <component apiversion="" class="BSP" condition="" group="ra6t2" subgroup="device" variant="" vendor="Renesas" version="5.6.0">
      <description>Board support package for RA6T2</description>
      <originalPack>Renesas.RA_mcu_ra6t2.5.6.0.pack</originalPack>
    </component>
    <component apiversion="" class="BSP" condition="" group="ra6t2" subgroup="fsp" variant="" vendor="Renesas" version="5.6.0">
      <description>Board support package for RA6T2 - FSP Data</description>
      <originalPack>Renesas.RA_mcu_ra6t2.5.6.0.pack</originalPack>
    </component>
    <component apiversion="" class="CMSIS" condition="" group="CMSIS5" subgroup="CoreM" variant="" vendor="Arm" version="6.1.0+fsp.5.6.0">
      <description>Arm CMSIS Version 6 - Core (M)</description>
      <originalPack>Arm.CMSIS6.6.1.0+fsp.5.6.0.pack</originalPack>
    </component>
  </raComponentSelection>
  <raElcConfiguration/>
  <raIcuConfiguration/>
  <raModuleConfiguration>
    <module id="module.driver.ioport_on_ioport.0">
      <property id="module.driver.ioport.name" value="g_ioport"/>
      <property id="module.driver.ioport.elc_trigger_ioport1" value="_disabled"/>
      <property id="module.driver.ioport.elc_trigger_ioport2" value="_disabled"/>
      <property id="module.driver.ioport.elc_trigger_ioport3" value="_disabled"/>
      <property id="module.driver.ioport.elc_trigger_ioport4" value="_disabled"/>
      <property id="module.driver.ioport.pincfg" value="g_bsp_pin_cfg"/>
    </module>
    <module id="module.driver.uart_on_sci_b_uart.1500198918">
      <property id="module.driver.uart.name" value="g_uart9"/>
      <property id="module.driver.uart.channel" value="9"/>
      <property id="module.driver.uart.data_bits" value="module.driver.uart.data_bits.data_bits_8"/>
      <property id="module.driver.uart.parity" value="module.driver.uart.parity.parity_off"/>
      <property id="module.driver.uart.stop_bits" value="module.driver.uart.stop_bits.stop_bits_1"/>
      <property id="module.driver.uart.baud" value="115200"/>
      <property id="module.driver.uart.baudrate_modulation" value="module.driver.uart.baudrate_modulation.enabled"/>
      <property id="module.driver.uart.baudrate_max_err" value="5"/>
      <property id="module.driver.uart.flow_control" value="module.driver.uart.flow_control.rts"/>
      <property id="module.driver.uart.pin_control_port" value="module.driver.uart.pin_control_port.PORT_DISABLE"/>
      <property id="module.driver.uart.pin_control_pin" value="module.driver.uart.pin_control_pin.PIN_DISABLE"/>
      <property id="module.driver.uart.clk_src" value="module.driver.uart.clk_src.int_clk"/>
      <property id="module.driver.uart.rx_edge_start" value="module.driver.uart.rx_edge_start.falling_edge"/>
      <property id="module.driver.uart.noisecancel_en" value="module.driver.uart.noisecancel_en.disabled"/>
      <property id="module.driver.uart.rx_fifo_trigger" value="module.driver.uart.rx_fifo_trigger.max"/>
      <property id="module.driver.uart.rs485.de_enable" value="module.driver.uart.rs485.de_enable.disabled"/>
      <property id="module.driver.uart.rs485.de_polarity" value="module.driver.uart.rs485.de_polarity.high"/>
      <property id="module.driver.uart.rs485.de_assertion_time" value="1"/>
      <property id="module.driver.uart.rs485.de_negation_time" value="1"/>
      <property id="module.driver.uart.callback" value="user_uart_callback"/>
      <property id="module.driver.uart.rxi_ipl" value="board.icu.common.irq.priority1"/>
      <property id="module.driver.uart.txi_ipl" value="board.icu.common.irq.priority1"/>
      <property id="module.driver.uart.tei_ipl" value="board.icu.common.irq.priority1"/>
      <property id="module.driver.uart.eri_ipl" value="board.icu.common.irq.priority1"/>
    </module>
    <context id="_hal.0">
      <stack module="module.driver.ioport_on_ioport.0"/>
      <stack module="module.driver.uart_on_sci_b_uart.1500198918"/>
    </context>
    <config id="config.driver.sci_b_uart">
      <property id="config.driver.sci_b_uart.param_checking_enable" value="config.driver.sci_b_uart.param_checking_enable.bsp"/>
      <property id="config.driver.sci_b_uart.fifo_support" value="config.driver.sci_b_uart.fifo_support.disabled"/>
      <property id="config.driver.sci_b_uart.dtc_support" value="config.driver.sci_b_uart.dtc_support.disabled"/>
      <property id="config.driver.sci_b_uart.flow_control" value="config.driver.sci_b_uart.flow_control.disabled"/>
    </config>
    <config id="config.driver.ioport">
      <property id="config.driver.ioport.checking" value="config.driver.ioport.checking.system"/>
    </config>
  </raModuleConfiguration>
  <raPinConfiguration>
    <pincfg active="true" name="RA6T2-MCK.pincfg" selected="true" symbol="g_bsp_pin_cfg">
      <configSetting altId="gpt2.gtioc2a.pd08" configurationId="gpt2.gtioc2a"/>
      <configSetting altId="gpt2.gtioc2b.pd09" configurationId="gpt2.gtioc2b"/>
      <configSetting altId="gpt2.mode.gtiocaandgtiocb.free" configurationId="gpt2.mode"/>
      <configSetting altId="gpt3.gtioc3a.pc14" configurationId="gpt3.gtioc3a"/>
      <configSetting altId="gpt3.gtioc3b.pc15" configurationId="gpt3.gtioc3b"/>
      <configSetting altId="gpt3.mode.gtiocaandgtiocb.free" configurationId="gpt3.mode"/>
      <configSetting altId="gpt4.gtioc4a.pb04" configurationId="gpt4.gtioc4a"/>
      <configSetting altId="gpt4.gtioc4b.pb05" configurationId="gpt4.gtioc4b"/>
      <configSetting altId="gpt4.mode.gtiocaandgtiocb.free" configurationId="gpt4.mode"/>
      <configSetting altId="gpt5.gtioc5b.pd15" configurationId="gpt5.gtioc5b"/>
      <configSetting altId="gpt5.mode.gtiocaorgtiocb.free" configurationId="gpt5.mode"/>
      <configSetting altId="gpt7.gtioc7a.pc08" configurationId="gpt7.gtioc7a"/>
      <configSetting altId="gpt7.gtioc7b.pc09" configurationId="gpt7.gtioc7b"/>
      <configSetting altId="gpt7.mode.gtiocaandgtiocb.free" configurationId="gpt7.mode"/>
      <configSetting altId="gpt_poegb.gtetrgb.pa12" configurationId="gpt_poegb.gtetrgb"/>
      <configSetting altId="gpt_poegb.mode.enabled.free" configurationId="gpt_poegb.mode"/>
      <configSetting altId="gpt_poegd.gtetrgd.pc13" configurationId="gpt_poegd.gtetrgd"/>
      <configSetting altId="gpt_poegd.mode.enabled.free" configurationId="gpt_poegd.mode"/>
      <configSetting altId="jtag_fslash_swd.mode.jtag.free" configurationId="jtag_fslash_swd.mode"/>
      <configSetting altId="jtag_fslash_swd.tck.pa14" configurationId="jtag_fslash_swd.tck"/>
      <configSetting altId="jtag_fslash_swd.tdi.pa15" configurationId="jtag_fslash_swd.tdi"/>
      <configSetting altId="jtag_fslash_swd.tdo.pb03" configurationId="jtag_fslash_swd.tdo"/>
      <configSetting altId="jtag_fslash_swd.tms.pa13" configurationId="jtag_fslash_swd.tms"/>
      <configSetting altId="pa12.gpt_poegb.gtetrgb" configurationId="pa12"/>
      <configSetting altId="pa12.gpio_mode.gpio_mode_peripheral" configurationId="pa12.gpio_mode"/>
      <configSetting altId="pa13.jtag_fslash_swd.tms" configurationId="pa13"/>
      <configSetting altId="pa13.gpio_mode.gpio_mode_peripheral" configurationId="pa13.gpio_mode"/>
      <configSetting altId="pa14.jtag_fslash_swd.tck" configurationId="pa14"/>
      <configSetting altId="pa14.gpio_mode.gpio_mode_peripheral" configurationId="pa14.gpio_mode"/>
      <configSetting altId="pa15.jtag_fslash_swd.tdi" configurationId="pa15"/>
      <configSetting altId="pa15.gpio_mode.gpio_mode_peripheral" configurationId="pa15.gpio_mode"/>
      <configSetting altId="pb01.input" configurationId="pb01"/>
      <configSetting altId="pb01.gpio_irq.gpio_irq_enabled" configurationId="pb01.gpio_irq"/>
      <configSetting altId="pb01.gpio_mode.gpio_mode_in" configurationId="pb01.gpio_mode"/>
      <configSetting altId="pb03.jtag_fslash_swd.tdo" configurationId="pb03"/>
      <configSetting altId="pb03.gpio_mode.gpio_mode_peripheral" configurationId="pb03.gpio_mode"/>
      <configSetting altId="pb04.gpt4.gtioc4a" configurationId="pb04"/>
      <configSetting altId="pb04.gpio_mode.gpio_mode_peripheral" configurationId="pb04.gpio_mode"/>
      <configSetting altId="pb05.gpt4.gtioc4b" configurationId="pb05"/>
      <configSetting altId="pb05.gpio_mode.gpio_mode_peripheral" configurationId="pb05.gpio_mode"/>
      <configSetting altId="pc00.input" configurationId="pc00"/>
      <configSetting altId="pc00.gpio_mode.gpio_mode_in" configurationId="pc00.gpio_mode"/>
      <configSetting altId="pc01.input" configurationId="pc01"/>
      <configSetting altId="pc01.gpio_mode.gpio_mode_in" configurationId="pc01.gpio_mode"/>
      <configSetting altId="pc04.input" configurationId="pc04"/>
      <configSetting altId="pc04.gpio_irq.gpio_irq_enabled" configurationId="pc04.gpio_irq"/>
      <configSetting altId="pc04.gpio_mode.gpio_mode_in" configurationId="pc04.gpio_mode"/>
      <configSetting altId="pc05.input" configurationId="pc05"/>
      <configSetting altId="pc05.gpio_irq.gpio_irq_enabled" configurationId="pc05.gpio_irq"/>
      <configSetting altId="pc05.gpio_mode.gpio_mode_in" configurationId="pc05.gpio_mode"/>
      <configSetting altId="pc06.output.high" configurationId="pc06"/>
      <configSetting altId="pc06.gpio_mode.gpio_mode_out.high" configurationId="pc06.gpio_mode"/>
      <configSetting altId="pc07.output.high" configurationId="pc07"/>
      <configSetting altId="pc07.gpio_mode.gpio_mode_out.high" configurationId="pc07.gpio_mode"/>
      <configSetting altId="pc08.gpt7.gtioc7a" configurationId="pc08"/>
      <configSetting altId="pc08.gpio_mode.gpio_mode_peripheral" configurationId="pc08.gpio_mode"/>
      <configSetting altId="pc09.gpt7.gtioc7b" configurationId="pc09"/>
      <configSetting altId="pc09.gpio_mode.gpio_mode_peripheral" configurationId="pc09.gpio_mode"/>
      <configSetting altId="pc13.gpt_poegd.gtetrgd" configurationId="pc13"/>
      <configSetting altId="pc13.gpio_mode.gpio_mode_peripheral" configurationId="pc13.gpio_mode"/>
      <configSetting altId="pc14.gpt3.gtioc3a" configurationId="pc14"/>
      <configSetting altId="pc14.gpio_mode.gpio_mode_peripheral" configurationId="pc14.gpio_mode"/>
      <configSetting altId="pc15.gpt3.gtioc3b" configurationId="pc15"/>
      <configSetting altId="pc15.gpio_mode.gpio_mode_peripheral" configurationId="pc15.gpio_mode"/>
      <configSetting altId="pd01.output.high" configurationId="pd01"/>
      <configSetting altId="pd01.gpio_mode.gpio_mode_out.high" configurationId="pd01.gpio_mode"/>
      <configSetting altId="pd02.output.high" configurationId="pd02"/>
      <configSetting altId="pd02.gpio_mode.gpio_mode_out.high" configurationId="pd02.gpio_mode"/>
      <configSetting altId="pd03.output.high" configurationId="pd03"/>
      <configSetting altId="pd03.gpio_mode.gpio_mode_out.high" configurationId="pd03.gpio_mode"/>
      <configSetting altId="pd04.input" configurationId="pd04"/>
      <configSetting altId="pd04.gpio_mode.gpio_mode_in" configurationId="pd04.gpio_mode"/>
      <configSetting altId="pd05.sci9.txd9" configurationId="pd05"/>
      <configSetting altId="pd05.gpio_mode.gpio_mode_peripheral" configurationId="pd05.gpio_mode"/>
      <configSetting altId="pd06.sci9.rxd9" configurationId="pd06"/>
      <configSetting altId="pd06.gpio_mode.gpio_mode_peripheral" configurationId="pd06.gpio_mode"/>
      <configSetting altId="pd07.input" configurationId="pd07"/>
      <configSetting altId="pd07.gpio_mode.gpio_mode_in" configurationId="pd07.gpio_mode"/>
      <configSetting altId="pd08.gpt2.gtioc2a" configurationId="pd08"/>
      <configSetting altId="pd08.gpio_mode.gpio_mode_peripheral" configurationId="pd08.gpio_mode"/>
      <configSetting altId="pd09.gpt2.gtioc2b" configurationId="pd09"/>
      <configSetting altId="pd09.gpio_mode.gpio_mode_peripheral" configurationId="pd09.gpio_mode"/>
      <configSetting altId="pd12.input" configurationId="pd12"/>
      <configSetting altId="pd12.gpio_irq.gpio_irq_enabled" configurationId="pd12.gpio_irq"/>
      <configSetting altId="pd12.gpio_mode.gpio_mode_in" configurationId="pd12.gpio_mode"/>
      <configSetting altId="pd13.input" configurationId="pd13"/>
      <configSetting altId="pd13.gpio_irq.gpio_irq_enabled" configurationId="pd13.gpio_irq"/>
      <configSetting altId="pd13.gpio_mode.gpio_mode_in" configurationId="pd13.gpio_mode"/>
      <configSetting altId="pd14.input" configurationId="pd14"/>
      <configSetting altId="pd14.gpio_irq.gpio_irq_enabled" configurationId="pd14.gpio_irq"/>
      <configSetting altId="pd14.gpio_mode.gpio_mode_in" configurationId="pd14.gpio_mode"/>
      <configSetting altId="pd15.gpt5.gtioc5b" configurationId="pd15"/>
      <configSetting altId="pd15.gpio_mode.gpio_mode_peripheral" configurationId="pd15.gpio_mode"/>
      <configSetting altId="sci1.pairing.d" configurationId="sci1.pairing"/>
      <configSetting altId="sci9.mode.asynchronous.free" configurationId="sci9.mode"/>
      <configSetting altId="sci9.rxd9.pd06" configurationId="sci9.rxd9"/>
      <configSetting altId="sci9.txd9.pd05" configurationId="sci9.txd9"/>
    </pincfg>
    <pincfg active="false" name="R7FA6T2BD3CFP.pincfg" selected="false" symbol="">
      <configSetting altId="jtag_fslash_swd.mode.jtag.free" configurationId="jtag_fslash_swd.mode"/>
      <configSetting altId="jtag_fslash_swd.tck.pa14" configurationId="jtag_fslash_swd.tck"/>
      <configSetting altId="jtag_fslash_swd.tdi.pa15" configurationId="jtag_fslash_swd.tdi"/>
      <configSetting altId="jtag_fslash_swd.tdo.pb03" configurationId="jtag_fslash_swd.tdo"/>
      <configSetting altId="jtag_fslash_swd.tms.pa13" configurationId="jtag_fslash_swd.tms"/>
      <configSetting altId="pa13.jtag_fslash_swd.tms" configurationId="pa13"/>
      <configSetting altId="pa13.gpio_mode.gpio_mode_peripheral" configurationId="pa13.gpio_mode"/>
      <configSetting altId="pa14.jtag_fslash_swd.tck" configurationId="pa14"/>
      <configSetting altId="pa14.gpio_mode.gpio_mode_peripheral" configurationId="pa14.gpio_mode"/>
      <configSetting altId="pa15.jtag_fslash_swd.tdi" configurationId="pa15"/>
      <configSetting altId="pa15.gpio_mode.gpio_mode_peripheral" configurationId="pa15.gpio_mode"/>
      <configSetting altId="pb03.jtag_fslash_swd.tdo" configurationId="pb03"/>
      <configSetting altId="pb03.gpio_mode.gpio_mode_peripheral" configurationId="pb03.gpio_mode"/>
    </pincfg>
  </raPinConfiguration>
</raConfiguration>
